Land/Institution Type,Land/Institution Type (Detailed),Extent in Acres,Survey no,Lat,Long,Details,Village
Milk Dairy,Dairy and Gram panchayat office,-,-,12.911933,77.776904,-,Neriga
Gram Panchayat office,Dairy and Gram panchayat office,-,-,12.911933,77.776904,-,Neriga
RO Filter,Govt. lower primary school & R.o filter,-,-,12.911816,77.776761,-,Neriga
Government School,Govt. lower primary school & R.o filter,-,-,12.911816,77.776761,-,Neriga
Library,Panchayat library,-,-,12.911806,77.776507,-,Neriga
Private School,National public school,-,-,12.911656,77.773279,-,Neriga
Government School,Govt. lower primary school,-,-,12.89138,77.784435,-,Chikka dasarahalli
Anganwadi,Anganwadi,-,-,12.889935,77.783283,-,Chikka dasarahalli
RO Filter,R.o filter & ambedkar bhavan,-,-,12.939331,77.76614,-,Chikka nikundi
Ambedkar Bhavan,R.o filter & ambedkar bhavan,-,-,12.939331,77.76614,-,Chikka nikundi
Government School,Govt. lower primary school & anganwadi,-,-,12.938932,77.766862,-,Chikka nikundi
Anganwadi,Govt. lower primary school & anganwadi,-,-,12.938932,77.766862,-,Chikka nikundi
RO Filter,R.o filter,-,-,12.927834,77.775971,-,Nekkundi Dommasandra
Anganwadi,"Anganwadi, Govt lower primary school",-,-,12.915004,77.765763,-,Kathriguppe
Government School,"Anganwadi, Govt lower primary school",-,-,12.915004,77.765763,-,Kathriguppe
Government School,Govt. lower primary school,-,-,12.912612,77.794222,-,Gonigattapura
RO Filter,R.o filter,-,-,12.912612,77.78779,-,Gonigattapura
RO Filter,R.o filter,-,-,12.924529,77.786026,-,Janthagondanahalli
Government School,Govt. lower primary school,-,-,12.923046,77.785982,-,Janthagondanahalli
Anganwadi,Anganwadi,-,-,12.924034,77.78662,-,Janthagondanahalli
RO Filter,R.o filter,-,-,12.909434,77.756159,-,Ramanayakanahalli
RO Filter,R.o filter,-,-,12.903205,77.746876,-,Heggondahalli
Government School,Govt. higher primary school,-,-,12.913498,77.753348,-,Halahalli/ thippasandra
RO Filter,R.o filter,-,-,12.912755,77.753045,-,Halahalli/ thippasandra
Government School,Govt Higher Primary school,-,-,12.825441,77.802976,-,Adigara Kallahalli
RO Filter,R. O Filter,-,-,12.82567,77.802782,-,Adigara Kallahalli
Anganwadi,Anganwadi A,-,-,12.825535,77.802968,-,Adigara Kallahalli
Mosque,Jamia Masjid,-,-,12.825732,77.803126,-,Adigara Kallahalli
Darga,Darga,-,-,12.829923,77.802804,-,Adigara Kallahalli
Anganwadi,Anganwadi - janatha colony,-,-,12.829923,77.802804,-,Adigara Kallahalli
RO Filter,R. O Filter,-,-,12.830923,77.801661,-,Adigara Kallahalli
Government School,Govt Urdu Higher Primary school,-,-,12.831074,77.8007,-,Adigara Kallahalli
Private School,Bishop Academy- Private school upto SSLC,-,-,12.83336,77.792073,-,Billapura
Private School,Gurukula school- private upto 7th grade,-,-,12.834717,77.786201,-,Billapura
Anganwadi,Anganwadi,-,-,12.837466,77.786184,-,Billapura
Government School,Govt Higher Primary school,-,-,12.837561,77.785219,-,Billapura
Gram Panchayat office,Gram Panchayat office & RO filter& milk dairy,-,-,12.837628,77.78514,-,Billapura
RO Filter,Gram Panchayat office & RO filter& milk dairy,-,-,12.837628,77.78514,-,Billapura
Milk Dairy,Gram Panchayat office & RO filter& milk dairy,-,-,12.837628,77.78514,-,Billapura
Ashwath Katte,Ashwath Katte,-,-,12.842486,77.782906,-,Burgunte
RO Filter,R.O filter & Lower Primary school,-,-,12.842116,77.782214,-,Burgunte
Government School,R.O filter & Lower Primary school,-,-,12.842116,77.782214,-,Burgunte
Gram Panchayat office,Gram Panchayat office,-,-,12.879851,77.75287,-,Dommasandra
Primary health centre,Primary health centre,-,-,12.879765,77.752738,-,Dommasandra
Anganwadi,Anganwadi teachers colony,-,-,12.880139,77.754148,-,Dommasandra
Veterinary hospital,Veterinary hospital,-,-,12.880883,77.753286,-,Dommasandra
Private Hospital,Lakshmi Private hospital,-,-,12.880992,77.751788,-,Dommasandra
Health clinic,Jayalakshmi private clinic,-,-,12.876906,77.753861,-,Dommasandra
Bank,Sericulturists and Farmers serivce co-operative bank,-,-,12.878053,77.755141,-,Dommasandra
Nursing Home,Balaji Nursing home,-,-,12.879334,77.754499,-,Dommasandra
Milk Dairy,Milk Dairy,-,-,12.876096,77.752888,-,Dommasandra
RO Filter,R.O filter near dommasandra lake,-,-,12.876118,77.751515,-,Dommasandra
Library,GP library and post office,-,-,12.877692,77.754975,-,Dommasandra
Post office,GP library and post office,-,-,12.877692,77.754975,-,Dommasandra
Anganwadi,Anganwadi-E,-,-,12.875449,77.752604,-,Dommasandra
Anganwadi,Anganwadi-Ward 6 Jogupalya,-,-,12.876033,77.753614,-,Dommasandra
Anganwadi,Anganwadi- Janatha colony housing board,-,-,12.88477,77.73795,-,Dommasandra
Govt P.U college,Govt P.U college,-,-,12.88502,77.739247,-,Dommasandra
Private School,Private school- Ara vidyaniketan 7 Grade,-,-,12.884314,77.7406,-,Dommasandra
Anganwadi,Anganwadi- Ward 10,-,-,12.883186,77.743747,-,Dommasandra
RO Filter,R.o filter,-,-,12.882598,77.744648,-,Dommasandra
Private School,Saraswati school and college- private,-,-,12.881212,77.74808,-,Dommasandra
Nursing Home,Shankar nursing home,-,-,12.880349,77.751048,-,Dommasandra
Health clinic,Seva Clinic- Private,-,-,12.879441,77.755655,-,Dommasandra
Private School,One word International School,-,-,12.886057,77.744228,-,Dommasandra
Anganwadi,Anganwadi-KTNR layout,-,-,12.857699,77.782662,-,Sarjapura
Anganwadi,Anganwadi-Renuka Nagar,-,-,12.860332,77.781632,-,Sarjapura
Anganwadi,Anganwadi- Vidyanagar,-,-,12.861475,77.782365,-,Sarjapura
College,SVP school & collge (degree),-,-,12.861071,77.783778,-,Sarjapura
Government School,Govt higher primary school,-,-,12.861231,77.785028,-,Sarjapura
Bank,Sericulturists & farmers service cooperative bank- head branch,-,-,12.861452,77.78543,-,Sarjapura
RO Filter,R.o filter- Kumbarpet,-,-,12.861996,77.785161,-,Sarjapura
Revenue department office,Nada office- revenue department,-,-,12.86167,77.785835,-,Sarjapura
Milk Dairy,Milk dairy,-,-,12.861758,77.785575,-,Sarjapura
APMC market & Raitha Samparka Kendra,APMC market & Raitha Samparka Kendra,-,-,12.860519,77.790761,-,Sarjapura
Private Hospital,Town hospital- private,-,-,12.860412,77.790034,-,Sarjapura
Private School,Rama Public school,-,-,12.865197,77.78684,-,Sarjapura
Government School,Govt Urdu Higher primary school upto 7th grade,-,-,12.861035,77.785115,-,Sarjapura
Health clinic,Maruthi clinic- private,-,-,12.861689,77.785944,-,Sarjapura
Anganwadi,Anganwadi- Ambedkar nagar,-,-,12.861015,77.785136,-,Sarjapura
RO Filter,R.o filter- Jai bheem nagar,-,-,12.855838,77.786114,-,Sarjapura
Private Hospital,Ashreya hospital- Private,-,-,12.861262,77.774288,-,Sarjapura
Sub registrars office,Sub registers office,-,-,12.861681,77.772192,-,Sarjapura
Post office,Post office,-,-,12.861185,77.782397,-,Sarjapura
Police station,Police station,-,-,12.860777,77.783452,-,Sarjapura
Telephone exchange office,Telephone exchange office,-,-,12.861267,77.787626,-,Sarjapura
Gram Panchayat office,Gram Panchayat office,-,-,12.859938,77.78684,-,Sarjapura
Anganwadi,Anganwadi- Mahatma Gandhi road,-,-,12.856669,77.78801,-,Sarjapura
Anganwadi,Anganwadi- Sarige beedi,-,-,12.859825,77.789388,-,Sarjapura
Kalyani,Kalyani,-,-,12.858432,77.789505,-,Sarjapura
Anganwadi,Anganwadi- Maruthi nagar,-,-,12.860021,77.792717,-,Sarjapura
Kalyani,Kalyani- Nagar katte,-,-,12.860068,77.79255,-,Sarjapura
RO Filter,R.o filter,-,-,12.833429,77.767161,-,Kotiganahalli
Anganwadi,Anganwadi,-,-,12.833625,77.766615,-,Kotiganahalli
Government School,Govt. lower primary school,-,-,12.83753,77.766762,-,Kotiganahalli
Private School,St. Philomena's public school- Private,-,-,12.836533,77.768664,-,Kotiganahalli
Health clinic,Oxford community health unit,-,-,12.834741,77.758888,-,Bikkanahalli
Milk Dairy,Milk dairy,-,-,12.836854,77.760055,-,Bikkanahalli
Village Accountant office,Village Accountant office,-,-,12.837386,77.760333,-,Bikkanahalli
Government School,Govt. lower primary school & Anganwadi,-,-,12.838146,77.760287,-,Bikkanahalli
Anganwadi,Govt. lower primary school & Anganwadi,-,-,12.838146,77.760287,-,Bikkanahalli
Sanjeevani work shed,Sanjeevani work shed & PDS shop and Anganwadi,-,-,12.82887,77.756828,-,Sollepura
Public distribution supply shop,Sanjeevani work shed & PDS shop and Anganwadi,-,-,12.82887,77.756828,-,Sollepura
Anganwadi,Sanjeevani work shed & PDS shop and Anganwadi,-,-,12.82887,77.756828,-,Sollepura
Private School,Jnyana jyothi public school,-,-,12.826043,77.755495,-,Sollepura
Milk Dairy,Milk dairy,-,-,12.83051,77.756131,-,Sollepura
RO Filter,R.o filter,-,-,12.830437,77.756608,-,Sollepura
Village Accountant office,Village accountant oofice & Veterinary hospital,-,-,12.825572,77.763788,-,Handenahalli
Veterinary hospital,Village accountant oofice & Veterinary hospital,-,-,12.825572,77.763788,-,Handenahalli
Gram Panchayat office,Gram Panchayat office & Syndicate Raitha Sahakara Sangha Niyamitha,-,-,12.825358,77.765745,-,Handenahalli
Syndicate Raitha Sahakara Sangha Niyamitha,Gram Panchayat office & Syndicate Raitha Sahakara Sangha Niyamitha,-,-,12.825358,77.765745,-,Handenahalli
RO Filter,R.o filter,-,-,12.82522,77.766118,-,Handenahalli
Milk Dairy,Milk dairy,-,-,12.825096,77.766304,-,Handenahalli
RO Filter,R. o filter near lake,-,-,12.826423,77.766477,-,Handenahalli
Post office,Post office,-,-,12.825799,77.766603,-,Handenahalli
Government School,Govt Higher Primary school & Anganwadi,-,-,12.824904,77.766027,-,Handenahalli
Anganwadi,Govt Higher Primary school & Anganwadi,-,-,12.824904,77.766027,-,Handenahalli
P.U College,St.Philomena PU and degree college,-,-,12.829034,77.768178,-,Handenahalli
Public distribution supply shop,PDS,-,-,12.825005,77.766379,-,Handenahalli
Government School,Govt Lower primary school & Anganwadi,-,-,12.828724,77.779444,-,Sulthanpalya
Anganwadi,Govt Lower primary school & Anganwadi,-,-,12.828724,77.779444,-,Sulthanpalya
RO Filter,R.o filter,-,-,12.831044,77.785721,-,Thyavakanahalli
Government School,Govt Higher Primary school,-,-,12.830345,77.785829,-,Thyavakanahalli
Milk Dairy,Milk dairy,-,-,12.830809,77.785755,-,Thyavakanahalli
Private School,Indus International School,-,-,12.8355,77.779557,-,Thyavakanahalli
RO Filter,R.O filter & Anganwadi,-,-,12.82825,77.78492,-,Thyavakanahalli
Anganwadi,R.O filter & Anganwadi,-,-,12.82825,77.78492,-,Thyavakanahalli
RO Filter,R.O filter & Anganwadi,-,-,12.823571,77.786645,-,S. Medahalli
Anganwadi,R.O filter & Anganwadi,-,-,12.823571,77.786645,-,S. Medahalli
Milk Dairy,Milk dairy,-,-,12.823633,77.786309,-,S. Medahalli
Government School,Govt. lower primary school & Anganwadi,-,-,12.815355,77.789258,-,Silk farm
Anganwadi,Govt. lower primary school & Anganwadi,-,-,12.815355,77.789258,-,Silk farm
RO Filter,R.O filter,-,-,12.815148,77.789109,-,Silk farm
Health clinic,SV healthcare- private,-,-,12.806263,77.783792,-,Bidraguppe
Health clinic,Vijaya Poly clinic,-,-,12.808293,77.784215,-,Bidraguppe
Government School,Govt. Highre primary school & Anganwadi,-,-,12.805736,77.783945,-,Bidraguppe
Anganwadi,Govt. Highre primary school & Anganwadi,-,-,12.805736,77.783945,-,Bidraguppe
RO Filter,"R.O filter, Ambedkar bhavan, Ashwath katte",-,-,12.804822,77.786044,-,Bidraguppe
Ambedkar Bhavan,"R.O filter, Ambedkar bhavan, Ashwath katte",-,-,12.804822,77.786044,-,Bidraguppe
Ashwath Katte,"R.O filter, Ambedkar bhavan, Ashwath katte",-,-,12.804822,77.786044,-,Bidraguppe
Milk Dairy,Milk dairy,-,-,12.805068,77.785634,-,Bidraguppe
Bank,Syndicate Raithara Sahakara Sangha Bank,-,-,12.80509,77.785516,-,Bidraguppe
Gram Panchayat office,Gram Panchayat office,-,-,12.805556,77.786098,-,Bidraguppe
RO Filter,R.O filter,-,-,12.805488,77.786403,-,Bidraguppe
Post office,Post office & library,-,-,12.806053,77.787214,-,Bidraguppe
Library,Post office & library,-,-,12.806053,77.787214,-,Bidraguppe
Anganwadi,Anganwadi,-,-,12.805997,77.787244,-,Bidraguppe
Veterinary hospital,Vetrinary hospita;,-,-,12.805861,77.787961,-,Bidraguppe
Milk Dairy,Milk dairy,-,-,12.80061,77.801669,-,Narsapura
Anganwadi,Anganwadi,-,-,12.805924,77.796258,-,Malenahalli
RO Filter,R.O filter,-,-,12.805695,77.7795828,-,Malenahalli
Government School,Govt. lower primary school,-,-,12.805451,77.795721,-,Malenahalli
Milk Dairy,Milk dairy,-,-,12.804261,77.795477,-,Malenahalli
Anganwadi,Anganwadi and Govt lower primary school,-,-,12.789738,77.790177,-,Chikkanahalli
Government School,Anganwadi and Govt lower primary school,-,-,12.789738,77.790177,-,Chikkanahalli
Private School,Harvest International School,-,-,12.792815,77.778004,-,Indlabele
Private Hospital,Venkateshwara Hospital- Private,-,-,12.791613,77.776923,-,Indlabele
Government School,Govt. lower primary school,-,-,12.790974,77.776446,-,Indlabele
RO Filter,RO filter& Library,-,-,12.790934,77.776579,-,Indlabele
Library,RO filter& Library,-,-,12.790934,77.776579,-,Indlabele
Anganwadi,Anganwadi,-,-,12.781019,77.7776698,-,Indlabele
Milk Dairy,Milk dairy,-,-,12.790737,77.777782,-,Indlabele
Private Hospital,Indano hospital- Private,-,-,12.785798,77.773826,-,Indlabele
RO Filter,R.O filter,-,-,12.787021,77.776538,-,Indlabele
Private School,H R international school,-,-,12.785873,77.776136,-,Indlabele
Private School,S Radhakrishna education academy,-,-,12.78359,77.77735,-,Indlabele
Private School,Mooraji Desai Residential School,-,-,12.784225,77.77011,-,Indlabele
Private School,St. Dominic school,-,-,12.784572,77.770239,-,Indlabele
Government School,Govt. Highre primary school,-,-,12.799736,77.760555,-,Jiggala
Milk Dairy,Milk dairy,-,-,12.799593,77.760952,-,Jiggala
Anganwadi,Anganwadi & RO filter,-,-,12.797058,77.76259,-,Jiggala
RO Filter,Anganwadi & RO filter,-,-,12.797058,77.76259,-,Jiggala
Government School,Govt. lower primary school & Village over head tank,-,-,12.811119,77.775578,-,Arenuru
Village over head tank,Govt. lower primary school & Village over head tank,-,-,12.811119,77.775578,-,Arenuru
Milk Dairy,Milk dairy,-,-,12.809768,77.77501,-,Arenuru
Anganwadi,Anganwadi,-,-,12.80962,77.774929,-,Arenuru
Sanjeevani work shed,"Sanjeevani work shed, RO filter & PDS",-,-,12.810045,77.775044,-,Arenuru
RO Filter,"Sanjeevani work shed, RO filter & PDS",-,-,12.810045,77.775044,-,Arenuru
Public distribution supply shop,"Sanjeevani work shed, RO filter & PDS",-,-,12.810045,77.775044,-,Arenuru
Government School,Govt. higher primary school,-,-,12.885407,77.758252,-,Tiggala Chowddenahalli
Milk Dairy,Dairy and R.O,-,-,12.884523,77.758152,-,Tiggala Chowddenahalli
RO Filter,Dairy and R.O,-,-,12.884523,77.758152,-,Tiggala Chowddenahalli
RO Filter,R.O filter,-,-,12.887337,77.759029,-,Tiggala Chowddenahalli
Health clinic,Vinayaka private clinic,-,-,12.882936,77.757316,-,Tiggala Chowddenahalli
Anganwadi,Anganwadi,-,-,12.885497,77.758201,-,Tiggala Chowddenahalli
Private Hospital,Swastic hospital,-,-,12.88605,77.744228,-,Tiggala Chowddenahalli
Government School,Govt. lower primary school,-,-,12.880197,77.763171,-,Chambenahalli
Village over head tank,Village over head tank & R.O filter,-,-,12.879889,77.761989,-,Chambenahalli
RO Filter,Village over head tank & R.O filter,-,-,12.879889,77.761989,-,Chambenahalli
Milk Dairy,Milk dairy,-,-,12.879871,77.762134,-,Chambenahalli
Anganwadi,Anganwadi,-,-,12.8799846,77.762307,-,Chambenahalli
Milk Dairy,Milk dairy,-,-,12.881966,77.77517,-,Vadagara Kallahalli
Government School,Govt. lower primary school,-,-,12.83289,77.776905,-,Vadagara Kallahalli
Public distribution supply shop,Village pulbic distribution supply,-,-,12.882925,77.776782,-,Vadagara Kallahalli
Anganwadi,Anganwadi,-,-,12.881586,77.776759,-,Vadagara Kallahalli
Milk Dairy,Milk dairy,-,-,12.872142,77.766386,-,Yamare
RO Filter,"R.O filter, Govt.higher primary school & library",-,-,12.871831,77.766377,-,Yamare
Government School,"R.O filter, Govt.higher primary school & library",-,-,12.871831,77.766377,-,Yamare
Library,"R.O filter, Govt.higher primary school & library",-,-,12.871831,77.766377,-,Yamare
SFSC godown,SFSC godown,-,-,12.872045,77.76659,-,Yamare
Anganwadi,Anganwadi,-,-,12.873697,77.765011,-,Yamare
Government School,"Govt. lower primary school, R.O filter & Anganwadi",-,-,12.867158,77.774412,-,Sompura
RO Filter,"Govt. lower primary school, R.O filter & Anganwadi",-,-,12.867158,77.774412,-,Sompura
Anganwadi,"Govt. lower primary school, R.O filter & Anganwadi",-,-,12.867158,77.774412,-,Sompura
Milk Dairy,Milk dairy,-,-,12.86686,77.774441,-,Sompura
Veterinary hospital,Veterinay hospital,-,-,12.847593,77.76394,-,B.hosahalli
Anganwadi,Anganwadi & Community hall,-,-,12.847476,77.763754,-,B.hosahalli
Community hall,Anganwadi & Community hall,-,-,12.847476,77.763754,-,B.hosahalli
Public distribution supply shop,Public distribution supply shop,-,-,12.847279,77.763378,-,B.hosahalli
Milk Dairy,Dairy,-,-,12.847392,77.763665,-,B.hosahalli
Government School,Govt. lower primary school,-,-,12.847093,77.76403,-,B.hosahalli
RO Filter,R.O filter,-,-,12.848566,77.765827,-,B.hosahalli
Private School,Macaulay English medium school,-,-,12.862451,77.76809,-,Kada Agrahara
Milk Dairy,"Dairy, R.O filter, Anganwadi, L.P school",-,-,12.863455,77.764134,-,Kada Agrahara
RO Filter,"Dairy, R.O filter, Anganwadi, L.P school",-,-,12.863455,77.764134,-,Kada Agrahara
Anganwadi,"Dairy, R.O filter, Anganwadi, L.P school",-,-,12.863455,77.764134,-,Kada Agrahara
Government School,"Dairy, R.O filter, Anganwadi, L.P school",-,-,12.863455,77.764134,-,Kada Agrahara
Private Hospital,Spandana Hospital,-,-,12.867037,77.767495,-,Kada Agrahara
Anganwadi,Anganwadi,-,-,12.878922,77.757212,-,Yamare badavane
Government School,Govt. lower primary school & Dairy,-,-,12.882022,77.788695,-,Ittangur
Milk Dairy,Govt. lower primary school & Dairy,-,-,12.882022,77.788695,-,Ittangur
RO Filter,R.O filter,-,-,12.881928,77.789237,-,Ittangur
Anganwadi,Anganwadi,-,-,12.881163,77.789588,-,Ittangur
Milk Dairy,Milk dairy,-,-,12.862831,77.80784,-,Thindlu
Government School,Govt. higher primary school & R.O filter,-,-,12.862942,77.807929,-,Thindlu
RO Filter,Govt. higher primary school & R.O filter,-,-,12.862942,77.807929,-,Thindlu
Anganwadi,Anganwadi,-,-,12.870753,77.829315,-,Mattnahalli
Government School,Govt. Lower primary school,-,-,12.871095,77.829661,-,Mattnahalli
Milk Dairy,Milk dairy,-,-,12.871176,77.830017,-,Mattnahalli
RO Filter,R.O filter & Public distribution supply shop,-,-,12.872062,77.830295,-,Mattnahalli
Public distribution supply shop,R.O filter & Public distribution supply shop,-,-,12.872062,77.830295,-,Mattnahalli
Anganwadi,Anganwadi,-,-,12.881375,77.827103,-,Pandithana Agrahara
Madrasa,Madarasa,-,-,12.884593,77.818109,-,Pandithana Agrahara
Milk Dairy,Milk dairy & R.O filter,-,-,12.88183,77.82739,-,Pandithana Agrahara
RO Filter,Milk dairy & R.O filter,-,-,12.88183,77.82739,-,Pandithana Agrahara
Government School,Govt. Lower primary school,-,-,12.882841,77.82765,-,Pandithana Agrahara
Private School,Endevour international school-private,-,-,12.884429,77.819451,-,Pandithana Agrahara
Veterinary hospital,veterinary hospital,-,-,12.894992,77.817721,-,Mugalur
Bank,SFSC bank,-,-,12.894011,77.821316,-,Mugalur
Gram Panchayat office,Gram Panchayat office,-,-,12.894695,77.822847,-,Mugalur
Anganwadi,Anganwadi & panchayat library,-,-,12.894391,77.821628,-,Mugalur
Library,Anganwadi & panchayat library,-,-,12.894391,77.821628,-,Mugalur
RO Filter,R.o filter,-,-,12.893327,77.821574,-,Mugalur
Health clinic,St. Johns community health centre,-,-,12.892597,77.82281,-,Mugalur
Government School,Govt. higher primary school,-,-,12.892144,77.822501,-,Mugalur
Government School,Govt. Lower primary school,-,-,12.922541,77.810021,-,Madappanahalli
Anganwadi,Anganwadi & milk dairy,-,-,12.922891,77.81189,-,Madappanahalli
Milk Dairy,Anganwadi & milk dairy,-,-,12.922891,77.81189,-,Madappanahalli
RO Filter,R.o filter,-,-,12.922878,77.811451,-,Madappanahalli
RO Filter,R.o filter & village over head tank,-,-,12.910532,77.811368,-,Kugur
Village over head tank,R.o filter & village over head tank,-,-,12.910532,77.811368,-,Kugur
Milk Dairy,Milk dairy & R.O filter,-,-,12.911015,77.811723,-,Kugur
RO Filter,Milk dairy & R.O filter,-,-,12.911015,77.811723,-,Kugur
Government School,Govt. higher primary school,-,-,12.909088,77.810724,-,Kugur
Anganwadi,Anganwadi-1,-,-,12.910298,77.811502,-,Kugur
Post office,Post office,-,-,12.910333,77.812812,-,Kugur
RO Filter,R.o filter,-,-,12.91045,77.809688,-,Kugur
Anganwadi,Anganwadi-2,-,-,12.910252,77.80972,-,Kugur
Government School,Govt high school,-,-,12.899265,77.809002,-,Kugur
Milk Dairy,Milk dairy,-,-,12.908031,77.795863,-,Kamanahalli
Slum board housing,Slum board housing,-,-,12.908006,77.796203,-,Kamanahalli
Milk Dairy,Milk dairy,-,-,12.888444,77.801723,-,Koothaganahalli
Government School,Govt. higher primary school & Anganwadi,-,-,12.888323,77.802091,-,Koothaganahalli
Anganwadi,Govt. higher primary school & Anganwadi,-,-,12.888323,77.802091,-,Koothaganahalli
RO Filter,R.o filter,-,-,12.88353,77.802477,-,Koothaganahalli
RO Filter,R.o filter,-,-,12.893316,77.797453,-,Bhovipalya
Government School,Govt. Lower primary school & Village overhead tank,-,-,12.89311,77.797506,-,Bhovipalya
Village over head tank,Govt. Lower primary school & Village overhead tank,-,-,12.89311,77.797506,-,Bhovipalya
Milk Dairy,Dairy and Govt. lower primary school,-,-,12.880851,77.805629,-,Dodda thimmasandra
Government School,Dairy and Govt. lower primary school,-,-,12.880851,77.805629,-,Dodda thimmasandra
Anganwadi,Anganwadi,-,-,12.879944,77.80525,-,Dodda thimmasandra
Bank,SFSC bank,-,-,12.880541,77.804,-,Dodda thimmasandra
Private School,Oxford private school,-,-,12.871541,77.798608,-,Dodda thimmasandra
Anganwadi,Anganwadi & Govt. lower primary school,-,-,12.883953,77.815929,-,Rajiv Gandhi nagar
Government School,Anganwadi & Govt. lower primary school,-,-,12.883953,77.815929,-,Rajiv Gandhi nagar
RO Filter,R. o filter,-,-,12.883484,77.81459,-,Rajiv Gandhi nagar
Milk Dairy,Milk dairy,-,-,12.872355,77.807379,-,Mahal Chowddenahalli
RO Filter,R. o filter,-,-,12.872642,77.807398,-,Mahal Chowddenahalli
Anganwadi,Anganwadi,-,-,12.872943,77.807764,-,Mahal Chowddenahalli
Government School,Govt. Lower primary school,-,-,12.872982,77.807739,-,Mahal Chowddenahalli
Karab Land,Non cultivable land( karab land),0.17,17,12.87665,77.755545,"Aadi dravida colony, mud road",Dommasandra
Gunda Thope,Government Gunda thope,0.29,34,12.876849,77.74688,Encroached and converted into graveyard,Dommasandra
Kere,Dommasandra lake,39.19,66,12.872811,77.749172,"10% water, Acasia, Jali, Eucalyptus were planted by social forestry, Water through KC valley project, 6 temples around the lake",Dommasandra
Gunda Thope,Government Gunda thope,1.1,67,12.872078,77.750269,Over head tank,Dommasandra
Gunda Thope,Government Gunda thope,1.14,123,12.871853,77.749736,"Converted into village graveyard, near the lake, compound around the thope built by the panchayat.",Dommasandra
Open Well,Sweet water well,0.03,89,12.875008,77.753347,Converted abd built upon. Transformer in place,Dommasandra
Cemetery,Government cemmetry,0.12,95,12.8722,77.752716,"Converted into Anganwadi, Anjanaya temple",Dommasandra
Mata,Government mata,0.04,96,12.875422,77.75391,Encroached by a villager and have built a house,Dommasandra
Kunte,Government pond (kunte),0.34,216,12.884336,77.74635,"does not exist, compound built by a villager around the thope, house, chicken stall",Dommasandra
Karab Land,Government non cultivable nonexistant land,1.15,217,12.879775,77.755006,"government quarters, Community Toilet, commercial complex",Dommasandra
Sunnada Gudu,Government Lime nest (Sunnada gudu),0.1,218,12.87868,77.755334,"Encroachment by villagers and constructed houses, storm water drain beside, Eucalyptus trees in the thope",Dommasandra
Kunte,Government pond (kunte),0.14,219,12.878445,77.755559,"Ambedkar bhavana, Budda statue, market near the thope",Dommasandra
Gomala,Government Gomala,21.22,207,12.885107,77.744683,"630 Houses, Beerappa temples,Mariyamma temple, Aswathkatte, dharga , Panchayat office building, PHC",Dommasandra
Gomala,Government Gomala,40.19,180,12.884901,77.740517,"Government PU college, Housing colony, Overhead tank, Anganwadi, Govt LPS school, Vinayaka nagara (extention)",Dommasandra
Kere,Government lake (Bhumana kunte),3.39,232,12.689477,77.740066,"Slum with 20 houses, Ayyappa swamy, water in 1 gunte, dumping of cattle waste and garbage",Dommasandra
Karab Land,Government Banjaru land (waste land),6.33,233,12.884507,77.74103,"230 houses were sanctioned in 1975, 1978, 1980 under Ashraya yojana scheme, Mosque,",Dommasandra
Cemetery,Government Cemmetry,1.27,17,12.860497,77.790728,"Farmer helpline centre has been established, few housing, fully encroached",Sarjapur
Mapath Kaval,Government Mapath kaval,2.04,43,12.8566,77.785889,Cultivation of Ragi by local farmers,Sarjapur
Ashwath Katte,Government Nagarabhavi Katte (Ashwath katte),1.07,29,12.85852,77.789495,"Kalyani, Aswath katte, 6 tamrind trees, 1 Mahua, Navagraha temple",Sarjapur
Ashwath Katte,Government Nagarabhavi Katte (Ashwath katte),1.07,74,12.858736,77.794067,"Kalyani, Aswath katte, Over head tank, Anganwadi",Sarjapur
Kunte,Govt pond,1.39,97,12.864,77.793145,"Munneshwara temple, open well with water, agriculture all around",Sarjapur
Amarai,Govt Amarai,0.37,125,12.868081,77.787851,"illegal cultivation, channels are encroached",Sarjapur
Cemetery,Govt cemmetry,1.27,128,12.868368,77.786946,"Hindu graveyard, no encroachments, 16 varieties of trees",Sarjapur
Cemetery,Govt cemmetry,0.11,130,12.868959,77.786788,"Hindu graveyard used by all sub castes, 3 borewells, 1 banyan tree",Sarjapur
Temple,Someshwara Temple,0.26,194,12.873147,77.787725,"Aswath katte, someshwara temple, choultry",Sarjapur
Amarai,Govt Amarai,0.28,199,12.874323,77.786843,Illegal cultivation,Sarjapur
Mapath Kaval,"Kunte, Mupath kaval",0.2,242,12.869932,77.793838,"Encroached completely, local farmer is cultivating",Sarjapur
Kunte,Pond,0.35,325,12.856187,77.7800691,"Pond exists, compound all over",Sarjapur
Kunte,Kunte,2.16,342,12.852336,77.789123,"Kailasa Kunte, pond exists, has water - earlier used by brahamins to tonsure during occasions",Sarjapur
Mapath Kaval,Mupath kaval,5.21,373,12.852693,77.793162,Illegal cultivation.,Sarjapur
Cemetery,Cemmetry,2.16,382,12.8558,77.793857,"SC community graveyard, compounded to evade from encroachments, 6 banyan trees",Sarjapur
Kere,Sarjapura Chikk kere,83.28,383,12.853768,77.780032,"No water, planted with Jali trees, grazing area, downstream agriculture, floriculture is present",Sarjapur
Karab Land,Karab land,1.22,432,12.852934,77.785579,"Converted into public road, temple, 1 banyan tree",Sarjapur
Amarai,Government Amarai,1.21,435,12.852235,77.787024,"illegal cultivation by locals, land has been allocated for Ashreya housing scheme",Sarjapur
Mapath Kaval,Mupath kaval,3.21,438,12.855511,77.786246,"Jaibheem nagar, Mariyamma community hall, 2 Aswath katte",Sarjapur
Government School,Government lower primary school,0.26,469,12.861004,77.784816,Government boys school,Sarjapur
Mapath Kaval,Mupath kaval,1.25,528,12.867471,77.772667,"Storm water drain, earth mining, Eucalyptus and Honge trees",Sarjapur
Mapath Kaval,Mupath kaval,0.13,530,12.862455,77.780371,"illegal cultivation, eucalyptus",Sarjapur
Kere,Sarjapura dodd kere,138.37,543,12.87395,77.786075,"No water, full of garbage and jali trees (Prosopis Juliflora)",Sarjapur
Open Well,Government well,0.31,551,12.865331,77.781304,"Well exists and is being used. Three temples beside the well. Used water from apartments, complexes, Renuka nagara, Vidya nagara flows into the well.",Sarjapur
Cemetery,Government kapar sthana,3.1,553,12.864826,77.782482,Cemmetry used by Muslims,Sarjapur
Government School,Government school building,6.05,571,12.861327,77.784178,Government ground and school,Sarjapur
Kunte,Bolu kunte (Pond),1.2,575,12.86311,77.786095,Covered and planted with trees,Sarjapur
Cemetery,Cemmetry,2.25,609,12.865827,77.785597,"Water tank, village borewell",Sarjapur
Amarai,Amarai,1.15,598,12.852657,77.786611,"Encraoched, temple, Fig tree, peepal tree",Sarjapur
Cemetery,Government Cemmetry,1.15,610,12.858973,77.778698,"Used by Muslims, compounded all over and well maintained",Sarjapur
Karnataka Electricity board,Karnataka Electricity board,1.14,611,12.858151,77.795977,Land sanctioned to BESCOM,Sarjapur
Karnataka Electricity board,Karnataka Electricity board,1.35,612,12.85911,77.795283,Land sanctioned to BESCOM,Sarjapur
Kunte,Pond,0.08,5,12.827467,77.769611,underground water storage tank,Handenahalli
Kunte,Pond,0.03,33,12.824472,77.76706,Kunte has been covered and built upon. Angandwadi has been set up. Ambedkar bhavan has been constructed,Handenahalli
Hillock,Hillock,0.29,38,12.822943,77.769381,10 houses for SC and kuruba community- Kaccha houses,Handenahalli
Gunda Thope,Gunda thope,2.06,55,12.811361,77.767157,In 2017 this land was converted into cemmetry- DC order,Handenahalli
Kunte,Pond,0.09,79,12.820842,77.769262,"Pond has water, working sheds around the pond",Handenahalli
Lake Catchment,Lake catchment (Bathala kere),3.24,115,12.825267,77.760945,Lake is over flowing,Handenahalli
Gunda Thope,Thope,0.2,122,12.825395,77.763601,Housing for BPL - kacha houses,Handenahalli
Kunte,Pond,0.04,125,12.825249,77.764517,"Kunte has been covered and built upon. Veterinary hospital, village panchayat revenue office",Handenahalli
Kere,Lake,15.31,150,12.827937,77.766049,"25% water, Typha, hyacinth, cemmetry on the lake. Ragi on the wetland, Ashwath katte, Om shakti temple inside the boundary of the lake",Handenahalli
Thooru Jaga,Govt Thooru jaga,0.21,154,12.82629,77.766883,"private encroachment, house on top. This land is adjacent to the lake.",Handenahalli
Gunda Thope,Thope,0.15,3,12.830498,77.758692,SC community have constructed their houses.,Sollepura
Gomala,Government cattle waste pit,0.39,6,12.830188,77.757347,"Aswath katte, Muthalamma temple, Anganwadi kendra, bus stop",Sollepura
Kunte,Pond,0.04,13,12.830315,77.75359,"Kunte is in place and has water, over head tank",Sollepura
Kunte,Pond,0.28,17,12.828139,77.752517,Kunte has been covered and is used for agriculture (baby corn) by a villager,Sollepura
Cemetery,Cemmetry,2.09,50,12.829144,77.760643,"Cemmetry for General group, Munneshwara temple inside the boundary",Sollepura
Cemetery,Cemmetry,1.13,52,12.827222,77.760294,"cemmetry allocated for SC community, banyan tree, fig tree",Sollepura
Gunda Thope,Gunda thope,1.36,59,12.822531,77.757272,Land was used for agriculture by a SC family. But now it is vacant on one side and on the other side Muneshwara temple is being built.,Sollepura
Gunda Thope,Gunda thope,0.07,60,12.82162,77.758276,"Vaccant land, Muneshwara temple",Sollepura
Kere,Lake,10,63,12.820423,77.757728,lake has water. Fishing exists,Sollepura
Kere,Lake,6.14,41,12.810293,77.79397,"Lake exists, little water, acasia and jali trees present",Byalahalli
Karab Land,Karab,0.3,46,12.812177,77.795538,"Pond has water, bamboo all around, private lands all around",Byalahalli
Kere,Lake,24.19,66,12.81035,77.79539,"No water, jamoon and mango trees are being planted",Byalahalli
Gunda Thope,Gunda thope,0.28,2,12.833855,77.768025,"has been compunded all around by the panchayat, structure for water storage for cattle. Channammana mata.",Kotiganahalli
Kere,Lake,10.38,13,12.833815,77.762894,"Encroachment, cattle fodder and hay has been stacked in the lake area by the villagers",Kotiganahalli
Kere,Lake,7.39,33,12.829496,77.7669,"Road on the lake, dumping of waste, 25% water",Kotiganahalli
Amarai,Amarai,0.24,28,12.827036,77.772431,Siddeshwara temple was constructed in 1998 (Kuruba community),S. medahalli
Amarai,Amarai,1.2,30,12.827933,77.7884,encroached.,S. medahalli
Kunte,Pond (Channappana Kunte),3.3,51,12.815759,77.787129,"Built upon, Ramanujanaya temple, Agriculture",S. medahalli
Cemetery,Cemmetry,0.32,99,12.825405,77.781636,"beside the lake, big native trees",S. medahalli
Open Well,Cemmetry well,1.02,102,12.825684,77.7833,"Encroached, pond has been made and used for agriculture purposes, borewell for village water supply, mini water tank, hollow brick factory",S. medahalli
Kere,Lake,12.33,116,12.827629,77.781323,"native trees have been planted, 25% water, grass used as fodder, brick factory opposite to the lake.",S. medahalli
Kunte,Pond,4.29,128,12.831258,77.786502,"Built upon, free housing sites, Government H.P.S, milk federation, commercial buildings",S. medahalli
Amarai,Amarai,2.04,135,12.82426,77.785929,"Government L.P.S, muslim cemmetry, kunte, cemmetry used by Hindu community",S. medahalli
Cemetery,Cemmetry,1,138,12.826402,77.786516,"Storm water drain running next to it, planted with Honge and blackberry trees",S. medahalli
Karab Land,Government land,0.1,141,12.8248863,77.7835129,"Converted into Hindu cemmetry, public road, bamboo and tamrind trees",S. medahalli
Kere,Lake,27.18,158,12.819958,77.783063,Lake,S. medahalli
Amarai,Amarai,1.26,190,12.819703,77.785277,"Encroached, BEML layout beside",S. medahalli
Kere,Arenuru lake,10.16,67,12.814817,77.814817,"Lake, BEML layout beside",S. medahalli
Kunte,Pond,0.08,2,12.823589,77.788087,functioning,S. medahalli
Gomala,Gomala,93.06,33,12.823895,77.791606,"SC colony 90 houses, 2 Ashwath katte, Eshwara temple, Buddha temple, Community hall, kadu malleshwara temple, native trees",S. medahalli
Kunte,Pond,0.16,19,12.834838,77.786389,"compounded, water in 1 gunta, Anjanaya temple, om shakti temple",S. medahalli
Gomala,Gomala,82.08,117,12.82836,77.779174,"Sulthan palya village has been set up, land grants to BPL holders, Indus International school beside it, agriculture land, layouts",S. medahalli
Kunte,Pond,2.17,120,12.834456,77.78224,"Compunded by the panchayat, Eucalyptus trees, vacant land",S. medahalli
Kere,Lake,43.06,15,12.839178,77.7638,Little water and the lake bed is full of acasia trees. Eastern part of the lake has construction debris and a public access road,Bikkanahalli
Gomala,Gomala,60.34,18,12.837613,77.769389,Some part of the land has been granted to the villagers since 1978. 2 acres has been granted under Rajeev Gandhi housing corporation. 2 acres of the land has been granted to construct minority hostel,Bikkanahalli
Gunda Thope,Gunda thope,1.02,20,12.836986,77.762602,15 varieties of trees are present and one Kaveramma temple can be seen,Bikkanahalli
Cemetery,Cemmetry,1.13,21,12.83698,77.762768,Village common cemmetry,Bikkanahalli
Open Well,Government well,0.13,25,12.838178,77.762149,Public road and renuka yellamma temple can be seen,Bikkanahalli
Karab Land,Karab,0.03,29,12.83715,77.761,partly encroached and has a drainage network built on the land,Bikkanahalli
Kunte,Kunte,0.07,59,12.834891,77.760986,Some portion of the pond has water and some portion has fodder crops,Bikkanahalli
Open Well,Government well,2.14,111,12.824053,77.760291,encroached and locals are cultivating on this land,Bikkanahalli
Kunte,Pond,1,158,12.844311,77.750471,Pond exists and there exists a eucalyptus groove around it.,Bikkanahalli
Cemetery,Cemmetry,0.13,187,12.83797,77.765135,Encroached by a villager and is used for cultivation,Bikkanahalli
Gunda Thope,Gunda thope,0.1,14,12.837002,77.786284,"Housing, overhead tank",Billapura
Gomala,Gomala,11.06,26,12.840425,77.793494,"land has been granted for agricultural practices, the land has been sold to infosys and has been compounded by them",Billapura
Gunda Thope,Gunda thope,0.12,46,12.842246,77.790091,Converted into graveyard used by reddy community,Billapura
Kere,Lake,13.08,42,12.839643,77.787032,40% water,Billapura
Open Well,Government well,0.04,50,12.841674,77.7885,Encroached and covered,Billapura
Gunda Thope,Thope,0.18,63,12.850022,77.767659,Encroached and used for agricultural practices,Billapura
Open Well,Well,0.1,94,12.841909,77.785563,Covered and land used for agricultural practices,Billapura
Cemetery,Cemmetry,0.23,43,12.840001,77.788808,Hindu graveyard used by all the sub castes,Billapura
Cemetery,Cemmetry,0.05,28,12.841056,77.761406,Hindu graveyard used by all the sub castes,Burgunte
Kunte,Pond,0.06,61,12.845497,77.774842,Covered and muneshwara temple in place,Burgunte
Lake Catchment,Lake catchment,20,74,12.840988,77.7880091,10% water with Acasisa and eucalytpus in large numbers,Burgunte
Gomala,Gomala,6.23,75,12.834787,77.776085,Sold to Wipro,Burgunte
Gomala,Gomala,103.32,47,12.823849,77.80698,"land has been granted to local villagers before 1950,land is under the Prohibition of transfer of certain lands act, 1978, 4 acres is handed over to the panchayat",Adigara Kallahalli
Cemetery,Cemmetry,0.22,60,12.823048,77.800085,"SC community graveyard, compunded",Adigara Kallahalli
Kere,Lake,18.35,65,12.824367,77.800067,"Lake has been encroached, earth mining, 4 borewell",Adigara Kallahalli
Gunda Thope,Gunda thope,2.19,71,12.866486,77.80071,"Illegal cultivation, land has been granted for play ground and school construction",Adigara Kallahalli
Gomala,Gomala,5.33,79,12.8257919,77.7965793,land is vacant but has been put for auction,Adigara Kallahalli
Gomala,Gomala,35.22,81,12.832815,77.79818,"Masjid, Madrasa, kunte, Mariyamma temple, R.o filter, Janata colony",Adigara Kallahalli
Gomala,Gomala,1.07,161,12.823849,77.80698,Land has been allocated for Ashraya Yojana,Adigara Kallahalli
Cemetery,Cemmetry,0.15,18,12.89452,77.804782,"Cemmetry is not present, Village over tank is situated and veterinary hospital is present.",Mugalur
Kere,Lake,58.12,41,12.894884,77.81783,"lake has water, being restored by Hinduja group, fenced all around",Mugalur
Gunda Thope,Thope,0.31,78,12.896484,77.825312,"Three big banayan trees, cemmetry used by lingayats",Mugalur
Gomala,Gomala,0.09,79,12.896137,77.825204,"gomala is not present, road runs on this land. There is a channel that runs here",Mugalur
Gomala,Gomala,3.2,88,12.894131,77.824914,"gomala Is being by occupied by Two Ashwath kattes, Navagraha temple, Choultry",Mugalur
Cemetery,Cemmetry,2.28,107,12.892847,77.827472,"Cemmetry is present, general graveyard",Mugalur
Kunte,Pond,0.06,136,12.893736,77.820801,"Pond is present, no water, houses around the pond",Mugalur
Gomala,Gomala,41.11,160,12.8844778,77.816579,land is being granted to villagers and some land is sold for real estate,Mugalur
Cemetery,Cemmetry,0.09,27,12.875127,77.809851,"Pond does not exist, converted into graveyard.",Mahal Chowdadhenahalli
Cemetery,Cemmetry,0.35,43,12.875886,77.811559,"Village common graveyard, compunded all over.",Mahal Chowdadhenahalli
Gunda Thope,Gunda thope,0.17,46,12.874299,77.810816,"No gunda thope, new village being set up with 13 houses",Mahal Chowdadhenahalli
Kere,Lake,8.39,56,12.875329,77.813604,"Lake is present, dumped with construction debris, Jali tree present",Mahal Chowdadhenahalli
Kere,Lake,10.13,75,12.872433,77.811334,"Lake has little water, acasia trees. Anjanaya temple is being built on the lake bed.",Mahal Chowdadhenahalli
Gunda Thope,Gunda thope,0.33,76,12.870477,77.81135,"Gunda thope is encroached by localites, farming activity held, Katyaramma temple present.",Mahal Chowdadhenahalli
Cemetery,Cemmetry,1.03,23,12.868847,77.833815,Cemmetry is still existing. Gowda and Reddy communities only can access this cemmetry.,Mattnahalli
Gunda Thope,Gunda thope,0.34,41,12.868499,77.832381,This is converted into the graveyard for the SC ST community.,Mattnahalli
Gunda Thope,Gunda thope,0.29,57,12.862149,77.830768,Gram Panchayat has compunded and is used by a villager for cultivation,Mattnahalli
Gunda Thope,Gunda thope,0.25,66,12.862558,77.829688,"No trees present, it is cultivated by local villager",Mattnahalli
Open Well,Government well,1.16,89,12.860706,77.826303,Well is closed and the land has been encroached by the villagers and is used by them for cultivation.,Mattnahalli
Kere,Lake,28.13,93,12.860563,77.82634,Very little water and is covered by Acasia trees.,Mattnahalli
Gomala,Gomala,41.11,100,12.868499,77.832381,Entire land has been sanctioned to the villagers. Some land has also been sold. Some part of it is used for agriculture.,Mattnahalli
Open Well,Government well,0.23,69,12.863094,77.82898,Panchayat has build boundary wall and the land is preserved,Mattnahalli
Kere,Lake,0.29,6,12.864205,77.812232,"Ashwath katte, Anjanaya temple and Sai baba temple have been constructed on this land",Gudi Gattanahalli
Kere,Lake,7.14,32,12.871134,77.813378,There is liitle water in the lake. On the lake bed there are quite a few acasia trees. Eastern side of the lake is used as a public road,Gudi Gattanahalli
Lake Catchment,Government lake catchment,16.02,81,12.864186,77.812757,"Little water, acasia trees can be found on the lake bed. One can find construction debris being dumped within the lake boundary.",Gudi Gattanahalli
Karab Land,Government Karab,1.03,122,12.871259,77.821017,encroached as public road and some part of the land is used for cultivation,Gudi Gattanahalli
Gomala,Government Gomala,3.14,67,12.873966,77.816267,Land has been granted to the villagers and is utilized for cultivation,Gudi Gattanahalli
Gomala,Government Cattle road,4.12,88,12.864952,77.81378,Public road can be seen on the land and locals have encroached and used for cultivation,Gudi Gattanahalli
Karab Land,Government Karab,0.32,15,12.8807,77.806218,"Fully encroached. Public road has been constructed, Village dairy, Ajanaya swamy temple has been constructed",Dodda thimmasandra
Karab Land,Government Karab,0.03,19,12.880287,77.80665,"Fully encroached, Public road, houses are constructed and are used by BPL families.",Dodda thimmasandra
Gomala,Government Grazing land,0.06,20,12.879247,77.800743,Houses and public road. Encroached fully.,Dodda thimmasandra
Karab Land,Government Karab,0.09,24,12.880074,77.80584,"Villagers are cultivating fodder in part of the land, three tamrind trees.",Dodda thimmasandra
Gunda Thope,Gunda thope,0.1,56,12.881978,77.806384,Ashwath Katte and Shani Deva temple occupies most of the land.,Dodda thimmasandra
Cemetery,Cemmetry,0.09,82,12.877348,77.802604,Lingayat community uses this cemetry. Still intact,Dodda thimmasandra
Gomala,Gomala,49.36,86,12.878841,77.813205,"Land has been granted to the villagers, some part of it is used for cultivation, Nursery, Cement brick and hollow brick factories are being placed. Horticulture crops are being cultivated.",Dodda thimmasandra
Open Well,Government well,0.22,93,12.87662,77.808052,well is converted into graveyard,Dodda thimmasandra
Open Well,Government well,0.09,110,12.877321,77.804405,No well present. Local villager is using the land for cultivation,Dodda thimmasandra
Gunda Thope,Government Gunda thope,1.03,144,12.872135,77.800299,Vacant and engulfed by weeds,Dodda thimmasandra
Gunda Thope,Gunda thope,1.3,171,12.877258,77.798524,"Vacant, The site is proposed for waste management facility.",Dodda thimmasandra
Open Well,Well,0.19,189,12.874893,77.801577,Well has been closed. Part of it is encroached by the villager and some part of the land is used for temple construction.,Dodda thimmasandra
Kere,Government lake,36.39,202,12.881049,77.801711,"No water. Jali, acasia trees are present. Lake is being restored by Myrada Organisation",Dodda thimmasandra
Open Well,Well,0.19,203,12.880314,77.802162,Well has been closed. Borewell has been laid by the panchayat. Part of the land is used for fodder cultivation by the villagers.,Dodda thimmasandra
Gunda Thope,Thope,0.27,13,12.86508,77.808645,"Two temples, R.O filter and 3 Ashwath katte can be seen",Thindlu
Kere,Lake,15.34,16,12.864446,77.810561,Lake has water and acasia trees on the lake bed,Thindlu
Cemetery,Cemmetry,0.11,19,12.863344,77.810042,Village common graveyard,Thindlu
Gunda Thope,Government billeshwara thope,0.03,43,12.858596,77.808357,6 big trees can be found,Thindlu
Gunda Thope,Government Agasara thope (dhobi),0.21,49,12.859279,77.809234,Panchayat has secured the land by building boundary walls,Thindlu
Kunte,Pond,0.22,51,12.859436,77.81002,pond exists in orginal condition,Thindlu
Kunte,Pond,0.08,55,12.857969,77.809105,"small pond, temple and ashwath katte can be seen",Thindlu
Kunte,Bolu kunte (pond),0.08,78,12.857384,77.808812,land is vacant,Thindlu
Gomala,Gomala,28.32,108,12.853263,77.808028,land has been granted and further being sold,Thindlu
Kere,Lake,46.02,110,12.854778,77.804218,Lake has no water. Jali and acasia trees can be found,Thindlu
Gomala,Gomala,6.33,124,12.859481,77.802065,land is fully encroached,Thindlu
Kunte,Pond,0.09,139,12.863165,77.803964,Canal and pond exists,Thindlu
Gomala,Gomala,7.34,188,12.853969,77.812401,Fully encroached,Thindlu
Cemetery,Cemmetry,0.2,1,12.882872,77.829149,graveyard used by muslims,Pandithana Agrahara
Kunte,Pond,0.17,3,12.88203,77.826477,Pond is covered and converted into cemmetry.,Pandithana Agrahara
Gomala,Gomala,7.28,9,12.886672,77.827833,Land is being granted to villagers and the land is cultivated,Pandithana Agrahara
Karab Land,Karab,0.38,18,12.882749,77.833089,"encroached and cultivated, case registered by revennue department on individuals who are farming",Pandithana Agrahara
Kunte,Pond,1,5,12.879677,77.822639,"Pond is closed, land is cultivated by localites",Pandithana Agrahara
Karab Land,Karab,1.23,23,12.880137,77.83311,"boarder of south pinakini, cultivation on this land. Fodder cultivation.",Pandithana Agrahara
Gomala,Gomala,13.03,57,12.877249,77.827207,land has been granted to the villagers,Pandithana Agrahara
Gomala,Gomala,23.34,92,12.883683,77.815695,"Few acres is granted to villagers and is used for cultivation, Rest of the are is being converted into housing- rajeev gandhi nagar, school and anganwadi",Pandithana Agrahara
Kere,Lake,58.09,91,12.878887,77.818084,"No water, severe earth mining, acasia trees present",Pandithana Agrahara
Gomala,Gomala,23.34,52,12.877989,77.826469,Localities are cultivating,Pandithana Agrahara
Amarai,Amarai thope,6.21,93,12.8824,77.815641,Rajeev Gandhi nagara colony has been established on the land.,Pandithana Agrahara
Kere,Lake,2.33,41,12.882106,77.798097,Small proportion of water is present,Koothaganahalli
Open Well,Well,0.35,62,12.886275,77.79137,two temples have been constructed on this piece of land,Koothaganahalli
Gomala,Gomala,75.21,67,12.893706,77.79649,Land has been granted to localities and some to institutions,Koothaganahalli
Gomala,Gomala,61.06,68,12.893456,77.793701,Some land has been granted to the localites and some portion of the land is under letigation,Koothaganahalli
Kere,Lake,6.03,71,12.896219,77.798668,Lake has good amount of water,Koothaganahalli
Kere,Lake,13.33,75,12.894168,77.803824,Lake has water and no enroachment can be found,Koothaganahalli
Gunda Thope,Gunda thope,1.2,93,12.895082,77.808775,The land id fully encroached,Koothaganahalli
Open Well,Well,0.38,98,12.896328,77.808716,No well present. The land is encroached and is used for agriculture,Koothaganahalli
Open Well,Well,1.02,100,12.896808,77.808219,Fully encroached,Koothaganahalli
Kunte,Pond,0.33,112,12.891034,77.800924,Panchayat has secured the land by building boundary walls,Koothaganahalli
Open Well,Well,0.15,124,12.887512,77.799796,Fully encroached,Koothaganahalli
Kunte,Pond,0.3,128,12.887946,77.801264,"ashwath katte, dairy and a school can be found",Koothaganahalli
Gomala,Gomala,8.12,142,12.8931,77.798108,"bovipalya, anganwadi, school, water tank and 120 houses can be found",Koothaganahalli
Cemetery,Cemmetry,7.37,147,12.896599,77.805096,Village graveyard is in place,Koothaganahalli
Kunte,Pond,0.27,33,12.902863,77.809,Pond exists in a good condition with no encroachment,Kooguru
Kunte,Government stone pond,0.11,38,12.901077,77.809309,Village over head tank has been constructed.,Kooguru
Gomala,Gomala,13.06,46,12.89711,77.807921,Land has been granted and is currently being used for agriculture purposes.,Kooguru
Kunte,Pond,0.25,51,12.903842,77.803312,The land is vaccant and is surrounded by layouts all around,Kooguru
Gunda Thope,Gunda thope,2.06,69,12.909319,77.807086,"Ashwath katte, temple, and a few huts can be seen",Kooguru
Kunte,Pond,0.09,91,12.911073,77.806876,Pond exists and with water,Kooguru
Gunda Thope,Gunda thope,1.15,93,12.911561,77.807518,Panchayat has secured the land by building boundary walls,Kooguru
Gunda Thope,Gunda thope,2.23,94,12.91167,77.80693,Panchayat has secured the land by building boundary walls,Kooguru
Gunda Thope,Gunda thope,2.06,99,12.914488,77.806746,Encroached and cemetry has been established recently and part of the land is used as public road,Kooguru
Gomala,Gomala,8.12,100,12.915234,77.808196,Land is encroached and agriculture is practised,Kooguru
Cemetery,Cemmetry,0.15,138,12.912316,77.815861,Cemmetry belonging Brahmin community,Kooguru
Cemetery,Cemmetery,2.35,169,12.915666,77.810793,common cemmetry for Hindu groups,Kooguru
Kere,Lake,41,171,12.912039,77.806318,Lake exists and there exists Jaali trees on the lake bed. Lake has little water,Kooguru
Kunte,Pond,0.19,174,12.901341,77.801468,Pond exists and the panchayat has secured the land by building boundary walls.,Kooguru
Karab Land,Karab,1.17,183,12.897762,77.807599,Land is secured by the panchayat by building boundary walls,Kooguru
Karab Land,Karab,1.27,187,12.916954,77.810459,land is vacant and is secured by the panchayat,Kooguru
Gomala,Gomala,18.13,188,12.908548,77.806484,Village road is constructed and the villagers have built houses on the land.,Kooguru
Gomala,Gomala,27.25,31,12.905086,77.817162,"Land has been granted to the local villagers, Nilagiri plantations around the gomala, agriculture and horticulture are present. Part of the land has been sold as real estate projects and is compounded.",Banahalli
Gunda Thope,Gunda thope,0.2,2,12.901811,77.800519,"School, Anganwadi and Ashwath katte have been established.",Chikkanahalli/Kaamahalli
Kere,Lake,30.35,5,12.909402,77.797747,"Part of the lake is used by the villagers as graveyard, Debris are dumped. Lake has Jali and Bamboo trees on the lake bed.",Chikkanahalli/Kaamahalli
Gomala,Gomala,64.32,71,12.907506,77.797846,"Land has been granted, Quarry is present, part of the land is used by the villagers for agriculture.",Chikkanahalli/Kaamahalli
Gunda Thope,Gunda thope,1.05,13,12.919224,77.814849,"Land has been fully encroached, cattle fodder is being cultivated.",Madappanahalli
Gomala,Gomala,21.39,38,12.92382,77.809514,"Public road, part of the land grows banana, mango and coconut. Land has been granted and villagers have constructed houses.",Madappanahalli
Karab Land,Karab,0.27,44,12.923091,77.811337,Full of weeds like jali,Madappanahalli
Gomala,Gomala,54.37,26,12.923214,77.824902,Gomala has been granted to the villagers and are used for cultivation. Some part of the land also encompasses quarry,Deshpandeguttahalli
Kere,Lake,24.07,23,12.926819,77.82483,"Lake has little water and has bamboo, acasia and Typha.",Deshpandeguttahalli
Karab Land,Karab,1.05,39,12.92295,77.832148,Land has been encraoched and cultivated,Deshpandeguttahalli
Gunda Thope,Gunda Thope,1.28,4,12.877911,77.760577,"temple, BPL family housing and converted into road",Yamare
Gunda Thope,Gunda Thope,0.1,44,12.873747,77.767226,Road is being built and some portion locals have encroached,Yamare
Cemetery,Graveyard,1.02,46,12.873067,77.769123,compounded,Yamare
Kere,Lake,2.34,48,12.870982,77.770115,"lot of bamboo, 5 panchayt borewells",Yamare
Karab Land,Village land (Tana),0.09,52,12.870545,77.768557,"vaccant, locals have put make shift shed.",Yamare
Kodi,overflow land (marave),0.21,53,12.87225,77.759993,Public road.,Yamare
Gomala,Gomala,5,88,12.871378,77.767901,"Land has been granted to BPL families, some are cultivating and some have sold the land for real estate",Yamare
Kunte,Government pond,1.05,105,12.864242,77.753633,Land is encroached,Yamare
Kere,Lake,29.03,125,12.875991,77.756887,"water in the lake, Acasia thope, cemmetry",Yamare
Cemetery,Cemmetry,6.16,132,12.876197,77.759586,cemmetry for general public,Yamare
Cemetery,Cemmetry,3.05,133,12.8676231,77.761091,Cemmetry for muslims,Yamare
Kere,Lake,21.21,135,12.875571,77.764104,"Jali mara , no water",Yamare
Gunda Thope,Gunda Thope,2.11,175,12.872687,77.76065,Illegal cultivation by villagers. No trees found,Yamare
Kunte,Pond,0.29,193,12.866695,77.757431,Pond has water,Yamare
Gomala,Gomala,5.12,195,12.869895,77.761203,"Vaccant, cases board being put up",Yamare
Kunte,Pond,0.07,201,12.871717,77.751387,"pond has water, storm water drain running beside the pond",Yamare
Kodi,overflow land (marave),0.21,207,12.879367,77.767732,vaccant site,Yamare
Gunda Thope,Gunda Thope,1.16,1,12.863203,77.764673,"dairy, R.O filter, public road",Kada Agrahara
Kunte,Pond,0.11,3,12.862853,77.764432,Pond has water,Kada Agrahara
Gunda Thope,Gunda Thope,0.25,10,12.862679,77.766479,"Housing for BPL families, Kaveramma temple",Kada Agrahara
Gomala,Gomala,6.08,30,12.86293,77.755875,Village water tank,Kada Agrahara
Kere,Lake,14.34,48,12.86056,77.762599,a lot of Acasia trees,Kada Agrahara
Cemetery,Graveyard,0.06,49,12.861114,77.763066,"Graveyard, sluice channel on one side",Kada Agrahara
Karab Land,Village land (Tana),0.07,55,12.862318,77.763625,Gowramma temple-damaged,Kada Agrahara
Cemetery,Graveyard,0.32,7,12.870821,77.776894,Common graveyard fr all the commuinities,Sompura
Gomala,Gomala,5.14,25,12.862798,77.773175,"ambedkar bhavan, Reshme sahakara sanga, SC colony, Agriculture",Sompura
Gomala,Gomala,18.17,36,12.86195,77.769383,Gomala is granted to BPL card holders and has been sold for real estate and now has compound wall.,Sompura
Karab Land,Cattle waste land,0.18,61,12.86784,77.7752,"SC colony, temple",Sompura
Gunda Thope,Gunda Thope,0.14,68,12.86952,77.775049,ashreya houses,Sompura
Temple,Muthurayaswamy temple,0.08,69,12.868562,77.774017,Muthuraya swamy temple,Sompura
Kere,Lake,32.09,82,12.869909,77.771209,no waer full of jali trees.,Sompura
Kere,Lake,52.07,131,12.869959,77.779089,full of jali trees. Cememt debris,Sompura
Kunte,Pond,0.21,134,12.869589,77.770723,"water present, tamarind and Peepul tree",Sompura
Gunda Thope,Gunda Thope,2.25,8,12.881334,77.765398,Housing under Ashreya yojana,Chambenahalli
Kere,Lake,19.05,28,12.8821,77.763867,Little water present,Chambenahalli
Gunda Thope,Gunda Thope,0.39,71,12.877293,77.765462,Yamare gram panchyat has been established on this land along with a subcentre and Sanjeevani workshed.,Chambenahalli
Kunte,Pond,0.17,80,12.880112,77.763809,covered with soil,Chambenahalli
Cemetery,Graveyard,0.06,102,12.882246,77.76338,Cemmetry converted into temple site,Chambenahalli
Karab Land,Karab land (waste land),2.1,142,12.895735,77.761105,vaccant site,Chambenahalli
Gomala,Gomala,85.31,39,12.885141,77.76807,"Granted to villagers for agriculture purpose, but some have been sold for villa socities",Chambenahalli
Cemetery,Cemmetry,0.12,56,12.853511,77.781012,Cemetery has removed and the land has boundary wall.,Chikkadunnasandra
Cemetery,Cemmetry,0.17,6,12.887743,77.760249,Cemerty exists and panchayat has secured the land,Thiggala chowdadenahalli
Gunda Thope,Gunda Thope,0.12,7,12.887701,77.759853,Panchayat has used the land to construct houses for BPL card holders,Thiggala chowdadenahalli
Kunte,Pond,1.16,9,12.881362,77.759345,"Village borewell, kunte and temple can be seen",Thiggala chowdadenahalli
Kere,Lake,14.17,14,12.887269,77.76076,panchayat has secured part of the land by constructing boundary wall and part of the land is assigned as cemmetry for migrants,Thiggala chowdadenahalli
Gomala,Gomala,31,24,12.894079,77.759785,Locals have encroached the land and is used for cultivation,Thiggala chowdadenahalli
Gomala,Gomala,35.1,26,12.891411,77.760069,"Layout has been constructed, bricks factory and fabrication set ups and work sheds can be found",Thiggala chowdadenahalli
Kere,Lake,33.07,61,12.889994,77.755248,road and village borewell can be found,Thiggala chowdadenahalli
Kunte,Pond,0.21,81,12.883596,77.752133,Pond is built upon and a temple is constructed,Thiggala chowdadenahalli
Kunte,Pond,0.1,106,12.884773,77.758126,pond cannot be found and the land is used for govt school and milk dairy,Thiggala chowdadenahalli
Karab Land,Karab land (waste land),0.39,121,12.887478,77.759139,"R.O filter, part of the land is granted to BPL families, two temples can be found",Thiggala chowdadenahalli
Karab Land,Unseen karab,5.37,-,12.884992,77.755352,JJM water tank and r.o filter can be seen. Some portion of the land is left vacant,Thiggala chowdadenahalli
Hillock,Hillock,0.11,41,12.8816,77.77438,"Village community hall, Karnataka Rajya Raitha Sangha's office can be seen.",Valegere Kallahalli
Kunte,Pond,0.08,43,12.881963,77.77361,Pond exists as it is,Valegere Kallahalli
Gunda Thope,Gunda Thope,0.16,51,12.880403,77.773033,a peepul tree can be found and the panchayat has secured the land by compunding the boundaries,Valegere Kallahalli
Gunda Thope,Gunda Thope,-,70,12.880274,77.769612,"Muneshwara temple, choultry and Aswath Katte are present.",Valegere Kallahalli
Gomala,Gomala,0.19,72,12.883782,77.774551,Fully encroached,Valegere Kallahalli
Gunda Thope,Gunda Thope,0.05,83,12.883854,77.772665,Gunda thope is vacant and but has no trees,Valegere Kallahalli
Gomala,Gomala,45.2,98,12.888824,77.773614,Colony has been established,Valegere Kallahalli
Lake Catchment,Lake surrounding,3.36,100,12.88552,77.775904,"three temples can be found, villagers are using part of the land as a playground",Valegere Kallahalli
Kere,Lake,23.37,101,12.885372,77.77552,Lake exists and water can be found,Valegere Kallahalli
Cemetery,Cemmetry,0.27,104,12.884587,77.774841,Graveyard does not exist. Land is used for dumping debris,Valegere Kallahalli
Cemetery,Cemmetry,0.04,106,12.884672,77.766123,No graveyard and the land is vacant,Valegere Kallahalli
Kunte,Pond,0.21,109,12.883645,77.77393,Kalyani and RO filter can be seen,Valegere Kallahalli
Kere,Lake,16.03,137,12.889932,77.781764,Lake is restored and plantation can be seen,Valegere Kallahalli
Karab Land,Government land,2.06,138,12.889765,77.782308,Land is vacant,Valegere Kallahalli
Kere,Lake,0.34,148,12.888149,77.783028,Public road.,Valegere Kallahalli
Government Anne,Government Anne,1.33,156,12.886094,77.786307,land has one temple and other parts are left vacant,Valegere Kallahalli
Gunda Thope,Gunda Thope,3.13,13,12.885675,77.791659,converted into cemmetry,Ittanguru
Kere,Dodda thimmasandra lake (part in Ittanguru),4.34,44,12.878971,77.796286,"Mud road, Acasia and bamboo",Ittanguru
Quarry,Quarry,3,80,12.874998,77.787116,"4 temples being built, om shakthi, hanuman, maley madeshwara, amba bhavani, Community hall",Ittanguru
Kere,Lake storage area,13,81,12.87288,77.782609,Lake is partially covered with soil and road is being built upon,Ittanguru
Kere,Government karab kere,33.35,115,12.886367,77.790595,"Lake is full of bamboo and Jali, construction waste being dumped",Ittanguru
Gunda Thope,Gunda Thope,0.3,116,12.883675,77.789979,converted into cemmetry,Ittanguru
Kere,Lake,18.06,16,12.84595,77.767281,"Sabic has restored the lake, little water.",B. Hosahalli
Open Well,Government well,0.2,31,12.844206,77.765925,"No water, villagers have encroached the land",B. Hosahalli
Amarai,Government Amarai,1.06,37,12.843509,77.763461,"open well, villagers have encroached and are cultivating",B. Hosahalli
Fodder storage area,Fodder storage area,0.24,42,12.847605,77.758961,"village dairy, samudhaya bhavana, Ashwath katte, Veerabadra swamy devasthana",B. Hosahalli
Fodder storage area,Fodder storage area,0.18,43,12.846394,77.763844,"Play ground, Public distribution system",B. Hosahalli
Karab Land,Government land,1.09,55,12.843699,77.76003,"Muneshwara temple, 4 banyan tree",B. Hosahalli
Kere,Thimmasandra lake,3.32,79,12.850886,77.747778,"Little water present, Bamboo, acasia and jamoon trees present",B. Hosahalli
Gomala,Gomala,101.04,85,12.84522,77.750891,"Neelgeri, ragi, some portion of the land is fenced",B. Hosahalli
Kunte,Pond,0.21,90,12.852383,77.756511,Pond and temple,B. Hosahalli
Kunte,Pond,1.09,102,12.855155,77.759066,"water is present, illegal cultivation",B. Hosahalli
Amarai,Amarai thope,4.22,113,12.852388,77.76521,"Jali mara, peepul tree, Honge tree, small pond, other parts are encroached",B. Hosahalli
Kunte,Pond,0.09,122,12.849491,77.763533,"no water, bamboo tree all over",B. Hosahalli
Karab Land,Karab road,0.39,147,12.847387,77.766351,mud road,B. Hosahalli
Gomala,Gomala,69.11,13,12.81406,77.79009,"Silk farm village is established on this land, Crematorium can be seen in this place",Biddaraguppe
Gunda Thope,Gunda thope,1.17,18,12.80898,77.7898,"Public road, rest of the land has been encraoched by a villager by building a house.",Biddaraguppe
Kere,Kodi Lake,30.13,22,12.807334,77.790094,Gummareddy kere,Biddaraguppe
Gunda Thope,Gunda thope,2.01,31,12.806791,77.790985,there exists an old temple. Gram panchayat has secured the land by building a compund wall,Biddaraguppe
Gunda Thope,Gunda thope,0.38,40,12.803025,77.787854,"There is a big banyan tree, temple and remaining land has been used for cultivation by the villagers",Biddaraguppe
Karab Land,Government Karab,1.18,66,12.802536,77.788662,around 100 Nagarkallus can be found,Biddaraguppe
Karab Land,Government Karab,0.21,71,12.802656,77.788279,Local villager has occupied the land by constructing a house.,Biddaraguppe
Karab Land,Government Karab,2.01,82,12.79997,77.785509,"Vacant, some part of the land is used as Balepete colony",Biddaraguppe
Karab Land,Karab land,1.03,111,12.799505,77.784553,"Some portion of the land is used as public road, Muneshware temple is built upon.",Biddaraguppe
Cemetery,Cemmetry,2.11,263,12.799011,77.783573,Large trees accompanied by Munneshwara temple,Biddaraguppe
Kere,Dodda kere,69,264,12.800247,77.78227,one part of the lake land near the main road has mahadeshwara temple.,Biddaraguppe
Karab Land,Government Karab,0.1,266,12.800491,77.783347,Muneshwara temple is constructed on this land,Biddaraguppe
Kere,Lake,5.31,274,12.799881,77.782684,"Lake overflow area, temple is being built on some portion of the land",Biddaraguppe
Kunte,Pond,0.03,277,12.803374,77.785131,Entirely encroached,Biddaraguppe
Hillock,Hillock,0.39,329,12.810098,77.78079,Land is vacant and surrounded by apartments all around,Biddaraguppe
Karab Land,Village land (Gramatana),2.03,--,12.791818,77.777545,housing complexes,Indlabele
Karab Land,Village land (Gramatana),12,--,12.791818,77.777545,Extention village,Indlabele
Kunte,Pond,0.32,4,12.794425,77.779735,"Compounded, temple and road",Indlabele
Kunte,Pond,0.2,13,12.789575,77.778306,"Pond is being covered by the villagers, Basaveshwara temple has been constructed",Indlabele
Karab Land,Government land,0.12,34,12.7809223,77.774175,"Muneshwara temple, Navagraha temple, new plants have been planted",Indlabele
Gomala,Gomala,11.23,39,12.787431,77.777177,"SC colony, amedkar bhavan, R.O filter and two temples",Indlabele
Kunte,Pond,0.17,41,12.785106,77.7764,Kunte has been covered and is being planted with native fruting trees. Styructure to store water fpr cattle,Indlabele
Stream,Stream (Korakalu),0.15,48,12.784615,77.776731,Encroached by a villager for construction,Indlabele
Kunte,Pond,0.1,49,12.784318,77.786389,Pond has been covered with construction waste,Indlabele
Kunte,Pond,0.14,60,12.7897734,77.779531,Pond has been covered,Indlabele
Gunda Thope,Gunda thope,1.02,62,12.788679,77.781037,Badrakali temple and muneshwara temple has been constructed,Indlabele
Cemetery,Cemmetry,0.21,105,12.795017,77.781888,commetry used by kuruba community,Indlabele
Kere,Lake,74.17,119,12.795624,77.779979,Lake is full of water,Indlabele
Kere,Lake,4.2,150,12.795932,77.770015,lake doesn’t exist. The land is used for cultivation,Indlabele
Kere,Lake,0.34,164,12.793025,77.767733,Pond has been covered and the land has been secured by the DC order,Indlabele
Kere,lake bed,50.01,67,12.809906,77.776278,"Lake has water, it is full of bamboo and Jali trees",Arenuru
Kunte,Pond,0.24,75,12.813839,77.770941,Pond has been closed and is used for setting up waste recycling unit,Arenuru
Gomala,Gomala,21.11,77,12.812715,77.776912,Land has been granted to the villagers and now used for agriculture.,Arenuru
Gunda Thope,Gunda thope,1.32,79,12.810992,77.77578,"Over head tank, Maheshwari gudi, Lower primary school",Arenuru
Kere,Lake bed,16.38,80,12.809906,77.776278,Lake has water.,Arenuru
Cemetery,Cemmetry,0.29,84,12.808856,77.779801,Cemmetry used by hindus,Arenuru
Gunda Thope,Gunda thope,0.24,94,12.811187,77.776456,compunded by the panchayat for school ground,Arenuru
Gunda Thope,Gunda thope,0.32,70,12.809271,77.76991,Muneshwara temple has been constructed,Arenuru
Gomala,Gomala,9,2,12.797593,77.76248,"Land has granted to local farmers, some part of land has a settlement",Jiggala
Gunda Thope,Gunda thope,2.11,29,12.795212,77.764255,"VSSN bank Guddatti has been constructed, 2 village borewells are established here.",Jiggala
Gunda Thope,Gunda thope,2.02,30,12.796765,77.763342,"Natives trees and has no encroachments, Village borewell can be seen",Jiggala
Gunda Thope,Gunda thope,0.25,45,12.796412,77.767728,Fully enroached,Jiggala
Kere,Lake bed,6.23,47,12.79755,77.768205,No lake is found and the loaclites are using the land for cultivation,Jiggala
Kere,Lake bed,80.37,53,12.798735,77.76868,Lake has water and it contains jali and bamboo trees. 2 acres of the lake land is used as a graveyard,Jiggala
Kunte,Pond,0.06,79,12.800202,77.760422,Encroched by a villager and a house has been established,Jiggala
Kunte,Pond,0.02,88,12.802461,77.759702,Pond is covered.,Jiggala
Cemetery,Cemmetry,0.19,98,12.802812,77.758927,Village graveyard,Jiggala
Mantapa,Government Mantapa,0.08,83,12.800774,77.76067,"Village Ashwath katte, link road to the village can be found",Jiggala
Kunte,Pond,0.05,90,12.802471,77.759687,Pond is covered.,Jiggala
Cemetery,Cemmetry,0.13,104,12.803831,77.76035,Ashwath Katte and Nagarkallu can be found on the land.,Jiggala
Kunte,Pond,0.17,107,12.806043,77.760875,Pond is covered.,Jiggala
Kere,Lake bed,29.1,202,12.800608,77.755926,Lake has water and the lake is surrounded by Surya city apartments,Jiggala
Stream,Government stream,0.02,211,12.798475,77.759469,Village overhead tank is built,Jiggala
Gomala,Gomala,3.03,221,12.794154,77.756836,Vemana temple is being built. Some land has been reinstated by the government.,Jiggala
Kunte,Pond,0.01,2,12.788674,77.790539,"borewell, Ashwathkatte",Chikkanahalli
Kunte,Pond,0.03,5,12.7893,77.790801,"pond exists with water, Ashwath katte is being built",Chikkanahalli
Gunda Thope,Gunda thope,0.24,12,12.787398,77.787335,"Fruiting trees being planted by the panchayat, compunded",Chikkanahalli
Gomala,Gomala,8.15,52,12.78741,77.7882,Gomala is currently being used for agriculture,Chikkanahalli
Gomala,Gomala,6.36,53,12.78932,77.788487,Gomala has been granted to the villagers,Chikkanahalli
Kunte,Pond,2.36,48,12.784748,77.784856,Hillock covered and sanctioned under Ashreya yojana,Chikkanahalli
Cemetery,Cemmetry,0.17,65,12.792301,77.789799,cemmetry exists,Chikkanahalli
Check Dam,Government check dam,1.13,67,12.792287,77.789155,Sheekakai and soap nut trees have widely spread across the dam,Chikkanahalli
Karab Land,Government land,0.16,73,12.793842,77.789142,borewell has been installed for village water supply.,Chikkanahalli
Kunte,Pond,0.07,76,12.794178,77.791955,pond has been covered up and encroached by the villagers. Munneshwara temple has been constructed.,Chikkanahalli
Kunte,Kunte,0.36,19,12.915373,77.775649,It is converted into a graveyard,Neriga
Karab Land,Govt Kharab,3.26,50,12.915918,77.784494,Vacant,Neriga
Gunda Thope,Gunda thope,1,52,12.91528,77.784373,Vacant,Neriga
Cemetery,Graveyard,2.01,57,12.913723,77.780616,Community graveyard,Neriga
Open Well,Government open well,0.05,62,12.91208,77.780259,Vacant,Neriga
Temple,Temple,1.25,94,12.911799,77.779707,"land is vacant, entails 10 large trees",Neriga
Kere,Lake,52.03,106,12.910052,77.777835,"Holds water, fishing activity is present",Neriga
Gomala,Gomala,193.27,108,12.907476,77.779169,Land is being cultivated,Neriga
Karab Land,Government Karab,1.15,130,12.905999,77.770687,Encroached by localites for cultivation,Neriga
Gunda Thope,Garden thope,1.02,218,12.910066,77.783445,Panchayat has secured the land by buidling boundary walls and contains large tree saplings,Neriga
Gomala,Gomala,0.11,217,12.909689,77.783216,Vacant,Neriga
Gomala,Gomala,24.09,12,12.895454,77.786924,Land has been granted,Chikka Dasarahalli
Gunda Thope,Gunda thope,0.09,21,12.89199,77.78577,"No water, plastic debris seemed to be dumped",Chikka Dasarahalli
Kere,Lake,13.03,23,12.892847,77.785768,Lake has been restored and contains little water,Chikka Dasarahalli
Gunda Thope,Gunda thope,0.06,19,12.89125,77.784319,Encroached and a few houses have been built,Chikka Dasarahalli
Gomala,Gomala,24.3,40,12.896363,77.789682,"Land has been granted, and land is being cultivated",Chikka Dasarahalli
Kere,Lake bed,10.39,52,12.888377,77.785042,"this land is part of Ittangur lake . Acaisa, bamboo trees can be seen.",Chikka Dasarahalli
Kere,Lake bed,10.39,53,12.888591,77.85237,No water can be seen. Bamboo and acasia trees can be found,Chikka Dasarahalli
Gunda Thope,Gunda thope,1.07,54,12.888814,77.785294,land has been enroached and is used for cultivation,Chikka Dasarahalli
Karab Land,Government Karab,0.06,3,12.929956,77.776175,"Lower primary school, temple and an Ashwath katte are established",Chikkanikkundi
Kere,Lake,79.08,10,12.932033,77.773723,"Little water is present. Honge, Bamboo and Jaali trees can be found.",Chikkanikkundi
Karab Land,Government Karab,0.07,13,12.930309,77.74214,One banyan tree can be found and the land is vacant.,Chikkanikkundi
Gunda Thope,Gunda thope,1.38,21,12.933431,77.772017,"5 big mango trees can be seen, the land is recently converted into a cemetry",Chikkanikkundi
Gomala,Gomala,16.09,32,12.939885,77.766189,"The land has been granted, houses can be seen",Chikkanikkundi
Gomala,Gomala,29.06,34,12.935668,77.767429,Some portion of the land is being cultivated under encroachment and other portion of the land is granted and houses can be seen,Chikkanikkundi
Kodi,Govt Kodi,6.09,38,12.933087,77.771462,land is vacant and one can find few trees,Chikkanikkundi
Kere,Lake,36.25,50,12.929155,77.76983,Lake has little water and the lake is fenced,Chikkanikkundi
Kunte,Kunte,0.33,9,12.927365,77.780509,"Kunte exists, over head tank is established",Nekkundi Dommasandra
Kere,Lake,22.23,49,12.928574,77.765407,Lake is entirely encroached,Nekkundi Dommasandra
Kere,Lake,6.22,56,12.928306,77.772043,"Lake doesn’t exist, land is vacant",Nekkundi Dommasandra
Gunda Thope,Gunda thope,0.15,60,12.927896,77.769273,Land is vacant,Nekkundi Dommasandra
Gunda Thope,Gunda thope,0.24,73,12.924533,77.77334,land has been recently used as cemetry,Nekkundi Dommasandra
Cemetery,Graveyard,0.2,75,12.925022,77.773779,Common graveyard,Nekkundi Dommasandra
Cemetery,Graveyard,0.03,76,12.925235,77.774109,SC community graveyard,Nekkundi Dommasandra
Open Well,sweet water well,0.08,80,12.928177,77.772988,"Well exists, structure is damaged",Nekkundi Dommasandra
Karab Land,Government barren land,0.21,83,12.925339,77.76903,Encroached,Nekkundi Dommasandra
Kodi,Kodi,0.31,16,12.920291,77.76508,"Trench is being made, bamboo has been planted all around",Kathariguppe
Cemetery,Graveyard,0.1,20,12.920138,77.76491,graveyard does not exist. Trench has been built,Kathariguppe
Karab Land,Karab (waste land),0.13,27,12.916131,77.76551,R.O filter and a few trees can be seen,Kathariguppe
Gomala,Grazing land-sheeps,0.19,29,12.915323,77.765561,Houses have been built on this land,Kathariguppe
Gomala,Grazing land-sheeps,0.13,30,12.915135,77.76525,Land has been converted into public road,Kathariguppe
Gunda Thope,Gunda thope,1.13,76,12.914175,77.764947,Colony has been made,Kathariguppe
Gomala,Gomala,49.38,88,12.905319,77.76547,"Three ponds have been established, part of the land is used for cultivation",Kathariguppe
Gomala,Grazing land-sheeps,0.34,100,12.914611,77.765913,Land is fully encroached,Kathariguppe
Kunte,Government pond,0.09,102,12.914877,77.767205,Land is vacant with jal jeevan missions over head tank is being built,Kathariguppe
Karab Land,Government land,0.29,124,12.92103,77.77113,Land is vacant,Kathariguppe
Karab Land,Government land,0.22,140,12.916361,77.76123,Land is vacant,Kathariguppe
Kunte,Pond,0.04,107,12.912,77.768298,Pond exists,Kathariguppe
Village square,Village square,0.11,12,12.914423,77.784391,it is converted into a pond and has water,Gonigattapura
Open Well,Government well,0.12,22,12.915422,77.786953,Well exists but has no water,Gonigattapura
Kere,Lake,10.33,23,12.915922,77.786762,Water is present,Gonigattapura
Gomala,Gomala,47.18,52,12.912612,77.794222,"Lower primary school, colony is established with some portion of the land is used for cultivation",Gonigattapura
Gomala,Gomala,15.14,54,12.897985,77.790428,"Land has been granted, 15 guntas of land still exists with the government",Gonigattapura
Kere,Lake,13.12,57,12.911539,77.788315,the lake is restored and water exists,Gonigattapura
Gunda Thope,Gunda thope,0.33,58,12.912612,77.78779,Anganwadi and RO filter has been established,Gonigattapura
Gunda Thope,Gunda thope,0.16,63,12.911148,77.786122,Land is vacant,Gonigattapura
Gunda Thope,Gunda thope,0.15,84,12.913388,77.78768,Ashwath katte is established,Gonigattapura
Gunda Thope,Gunda thope,0.36,34,12.91986,77.791472,used as graveyard,Janthagondanahalli
Gomala,Gomala,24.05,35,12.920184,77.79238,Land is used for agriculture purpose,Janthagondanahalli
Kere,Lake,22.05,36,12.918711,77.792221,Lake has little water and has a lot of eucalyptus trees,Janthagondanahalli
Karab Land,Karab (waste land),0.39,43,12.920872,77.788617,Land is used as graveyard and part of the land is used as public road,Janthagondanahalli
Temple,temple,0.07,55,12.924038,77.786166,temple entails village deity,Janthagondanahalli
Gunda Thope,Gunda thope,0.21,58,12.924267,77.784853,SC community housing colony,Janthagondanahalli
Gomala,Gomala,8.17,67,12.920292,77.782355,Land has been granted,Janthagondanahalli
Gomala,Gomala,10.33,69,12.921409,77.782951,Land has been granted,Janthagondanahalli
Gunda Thope,Gunda thope,0.17,3,12.90967,77.755416,"LPS, Anganwadi and renuka yellamma temple has been established",Ramanayakanahalli
Open Well,Government sweet water well,0.06,12,12.906584,77.757448,Well is closed,Ramanayakanahalli
Gunda Thope,Marave Thope,0.16,26,12.904882,77.758403,Trees can be seen,Ramanayakanahalli
Kere,Lake,11.36,27,12.905529,77.755657,"lake is entirely filled with trees and weeds, with no water.",Ramanayakanahalli
Kere,Lake,28.2,38,12.908897,77.758693,"Lake has little water, fishing is present",Ramanayakanahalli
Kunte,Kunte,0.31,69,12.90079,77.762697,Pond exists,Ramanayakanahalli
Gomala,Gomala,55.36,29,12.902521,77.752071,"Colony, brick factory, cricket ground and R.O filteris established. Part of the land is used for agriculture purpose",Ramanayakanahalli
Karab Land,Karab (waste land),3.05,4,12.904177,77.74919,"Lower primary school is being built, rest of the land is vacant",Heggondahalli
Karab Land,Karab (waste land),1.23,9,12.901105,77.747692,Land is encroached and colony is estabished,Heggondahalli
Kunte,Kunte,0.08,16,12.900761,77.742739,Kunte is closed and is converted into a road,Heggondahalli
Kere,Lake,10.16,17,12.89992,77.746678,Lake has been restored and contains little water,Heggondahalli
Karab Land,Karab (waste land),4.02,37,12.900855,77.7433,Fully encroached,Heggondahalli
Kere,Lake,8.31,47,12.906422,77.741742,lake has no water,Heggondahalli
Kunte,Pond,0.1,53,12.90581,77.742739,Pond has water,Heggondahalli
Temple,Basaveshwara temple,1.36,71,12.903513,77.746325,Three temples have been built and remaining land is vacant,Heggondahalli
Cemetery,Graveyard,1.02,4,12.926447,77.764589,graveyard exists,Halahalli/ thippasandra
Kunte,Pond,0.14,12,12.922923,77.764139,Higher primary school and anganwadi are being established,Halahalli/ thippasandra
Kere,Lake,18.21,38,12.918796,77.762326,No water but has weeds and trees,Halahalli/ thippasandra
Ooni,Government ooni,3.39,52,12.917979,77.754611,Public road and houses are being established,Halahalli/ thippasandra
Gunda Thope,Gunda thope,0.29,54,12.914067,77.753578,The land is vacant but surrounded by layouts all around,Halahalli/ thippasandra
Kunte,Pond,0.04,56,12.913276,77.753519,Pond is closed but the land is vacant,Halahalli/ thippasandra
Gunda Thope,Gunda thope,3.37,110,12.913848,77.751321,"4 temples, ashwath katte is being built.",Halahalli/ thippasandra
Kunte,Pond,2.27,128,12.918082,77.754012,Land is being grante Ashreya housing scheme,Halahalli/ thippasandra
Gunda Thope,Gunda thope,0.08,152,12.919962,77.757018,Land is vacant,Halahalli/ thippasandra
Karab Land,Karab (waste land),0.15,161,12.922122,77.751459,Step well is established,Halahalli/ thippasandra
Kunte,Kunte,1.16,168,12.922676,77.75661,Land is vacant,Halahalli/ thippasandra
Kunte,Kunte,0.19,179,12.922876,77.759726,Pond is closed but the land is vacant,Halahalli/ thippasandra
